{
	"IcoMoonType": "selection",
	"icons": [
		{
			"icon": {
				"paths": [
					"M292.571 713.143v128q0 14.857-10.857 25.714t-25.714 10.857h-146.286q-14.857 0-25.714-10.857t-10.857-25.714v-128q0-14.857 10.857-25.714t25.714-10.857h146.286q14.857 0 25.714 10.857t10.857 25.714zM309.714 109.714l-16 438.857q-0.571 14.857-11.714 25.714t-26 10.857h-146.286q-14.857 0-26-10.857t-11.714-25.714l-16-438.857q-0.571-14.857 10-25.714t25.429-10.857h182.857q14.857 0 25.429 10.857t10 25.714z"
				],
				"width": 365.71571350097656,
				"attrs": [],
				"isMulticolor": false,
				"tags": [
					"exclamation"
				],
				"defaultCode": 61738,
				"grid": 14
			},
			"attrs": [],
			"properties": {
				"id": 266,
				"order": 1,
				"name": "exclamation",
				"prevSize": 28,
				"code": 61738
			},
			"setIdx": 0,
			"setId": 7,
			"iconIdx": 266
		},
		{
			"icon": {
				"paths": [
					"M932.497 219.5h-841.143q-14.857 0-18.286 7.429t7.429 18.286l405.714 405.714q4.572 4.572 10.856 7.429h-387.428q-14.857 0-25.714 10.858t-10.856 25.714v73.142q0 14.857 10.856 25.714t25.714 10.856h804.571q14.857 0 25.714-10.856t10.856-25.714v-73.142q0-14.857-10.856-25.714t-25.714-10.858h-387.428q5.714-2.857 10.858-7.429l405.714-405.714q10.856-10.858 7.429-18.286t-18.286-7.429z"
				],
				"width": 1023.8571428571428,
				"attrs": [],
				"isMulticolor": false,
				"tags": [
					"first"
				],
				"defaultCode": 61521,
				"grid": 14
			},
			"attrs": [],
			"properties": {
				"order": 18,
				"id": 0,
				"prevSize": 28,
				"code": 61521,
				"name": "first",
				"ligatures": ""
			},
			"setIdx": 6,
			"setId": 1,
			"iconIdx": 0
		},
		{
			"icon": {
				"paths": [
					"M932.497 804.5h-841.143q-14.857 0-18.286-7.429t7.429-18.286l405.714-405.714q4.572-4.572 10.856-7.429h-387.428q-14.857 0-25.714-10.858t-10.856-25.714v-73.142q0-14.857 10.856-25.714t25.714-10.856h804.571q14.857 0 25.714 10.856t10.856 25.714v73.142q0 14.857-10.856 25.714t-25.714 10.858h-387.428q5.714 2.857 10.858 7.429l405.714 405.714q10.856 10.858 7.429 18.286t-18.286 7.429z"
				],
				"width": 1023.8571428571428,
				"attrs": [],
				"isMulticolor": false,
				"tags": [
					"first"
				],
				"defaultCode": 61521,
				"grid": 14
			},
			"attrs": [],
			"properties": {
				"id": 1,
				"order": 17,
				"prevSize": 28,
				"code": 61522,
				"name": "last",
				"ligatures": ""
			},
			"setIdx": 6,
			"setId": 1,
			"iconIdx": 1
		},
		{
			"icon": {
				"paths": [
					"M341.334 320v85.332h256v-85.332h-256zM341.334 490.666h384v-42.666h-384v42.668zM725.332 533.332h-341.334v42.668h341.334v-42.668zM725.332 661.332v-42.668h-298.666v42.668h298.666zM341.334 618.666h-128v128h-128v128h128v128h128v-128h128v-128h-128v-128zM170.668 106.666v426.668h85.332v-341.332h554.668v725.332h-283.436l-42.668 85.332h411.436v-896h-725.332z"
				],
				"attrs": [
					{}
				],
				"isMulticolor": false,
				"defaultCode": 58880,
				"grid": 0
			},
			"attrs": [
				{}
			],
			"properties": {
				"id": 0,
				"order": 1,
				"prevSize": 32,
				"code": 58880,
				"name": "new-topic",
				"ligatures": ""
			},
			"setIdx": 2,
			"setId": 5,
			"iconIdx": 0
		},
		{
			"icon": {
				"paths": [
					"M42.668 277.334v554.666h896v-554.666h-896zM128 746.666v-335.616l663.212 335.616h-663.212zM853.332 701.824l-272.128-145.366 272.128-145.408v290.774zM515.754 508.074l-286.122-145.408h562.986l-276.864 145.408z"
				],
				"attrs": [
					{}
				],
				"isMulticolor": false,
				"defaultCode": 58881,
				"grid": 0
			},
			"attrs": [
				{}
			],
			"properties": {
				"id": 1,
				"order": 2,
				"prevSize": 32,
				"code": 58881,
				"name": "mail",
				"ligatures": ""
			},
			"setIdx": 2,
			"setId": 5,
			"iconIdx": 1
		},
		{
			"icon": {
				"paths": [
					"M792.73 572.774c-20.838-21.402-240.384-230.502-240.384-230.502-11.162-11.418-25.754-17.152-40.346-17.152-14.644 0-29.236 5.734-40.346 17.152 0 0-219.546 209.102-240.436 230.502-20.838 21.402-22.272 59.904 0 82.74 22.324 22.784 53.402 24.626 80.69 0l200.090-191.846 200.038 191.846c27.342 24.626 58.47 22.784 80.692 0 22.322-22.886 20.942-61.39 0-82.74z"
				],
				"attrs": [
					{}
				],
				"isMulticolor": false,
				"defaultCode": 58882,
				"grid": 0
			},
			"attrs": [
				{}
			],
			"properties": {
				"id": 2,
				"order": 3,
				"prevSize": 32,
				"code": 58882,
				"name": "arrow-top",
				"ligatures": ""
			},
			"setIdx": 2,
			"setId": 5,
			"iconIdx": 2
		},
		{
			"icon": {
				"paths": [
					"M0 512v256h256v-256h-128c0 0 0-128 128-128v-128c0 0-256 0-256 256zM640 384v-128c0 0-256 0-256 256v256h256v-256h-128c0 0 0-128 128-128z"
				],
				"width": 640,
				"attrs": [
					{}
				],
				"isMulticolor": false,
				"defaultCode": 58883,
				"grid": 0
			},
			"attrs": [
				{}
			],
			"properties": {
				"id": 3,
				"order": 4,
				"prevSize": 32,
				"code": 58883,
				"name": "quote",
				"ligatures": ""
			},
			"setIdx": 2,
			"setId": 5,
			"iconIdx": 3
		},
		{
			"icon": {
				"paths": [
					"M512 192c-223.318 0-416.882 130.042-512 320 95.118 189.958 288.682 320 512 320 223.314 0 416.878-130.042 512-320-95.116-189.958-288.686-320-512-320zM764.45 361.704c60.162 38.374 111.142 89.774 149.434 150.296-38.292 60.522-89.274 111.922-149.436 150.298-75.594 48.216-162.89 73.702-252.448 73.702-89.56 0-176.856-25.486-252.45-73.704-60.16-38.372-111.14-89.772-149.434-150.296 38.292-60.524 89.274-111.924 149.434-150.296 3.918-2.5 7.876-4.922 11.858-7.3-9.958 27.328-15.408 56.822-15.408 87.596 0 141.384 114.616 256 256 256s256-114.616 256-256c0-30.774-5.45-60.268-15.408-87.598 3.98 2.378 7.938 4.802 11.858 7.302zM512 410c0 53.020-42.98 96-96 96s-96-42.98-96-96 42.98-96 96-96 96 42.98 96 96z"
				],
				"attrs": [
					{}
				],
				"isMulticolor": false,
				"defaultCode": 58884,
				"grid": 0
			},
			"attrs": [
				{}
			],
			"properties": {
				"id": 4,
				"order": 5,
				"prevSize": 32,
				"code": 58884,
				"name": "eye",
				"ligatures": ""
			},
			"setIdx": 2,
			"setId": 5,
			"iconIdx": 4
		},
		{
			"icon": {
				"paths": [
					"M839.322 296.416c77.644 55.030 141.37 129.092 184.678 215.584-95.122 189.958-288.686 320-512 320-62.566 0-122.792-10.212-179.178-29.084l77.956-77.956c33.058 7.3 66.972 11.040 101.222 11.040 89.558 0 176.854-25.486 252.446-73.704 60.162-38.376 111.144-89.776 149.436-150.298-37.052-58.566-86.014-108.55-143.65-146.494l69.090-69.088zM512 698c-22.724 0-44.752-2.976-65.728-8.534l313.186-313.184c5.562 20.972 8.542 42.994 8.542 65.718 0 141.384-114.616 256-256 256zM960 0h-53.738l-219.612 219.612c-55.076-17.924-113.754-27.612-174.65-27.612-223.318 0-416.882 130.042-512 320 42.658 85.192 105.128 158.308 181.194 213.068l-181.194 181.194v53.738h53.738l906.262-906.262v-53.738zM416 314c48.044 0 87.846 35.294 94.892 81.37l-109.524 109.524c-46.074-7.048-81.368-46.85-81.368-94.894 0-53.020 42.98-96 96-96zM110.116 512c38.292-60.524 89.274-111.924 149.434-150.296 3.918-2.5 7.876-4.922 11.858-7.3-9.958 27.328-15.408 56.822-15.408 87.596 0 58.524 19.65 112.448 52.698 155.562l-58.55 58.55c-56.072-37.642-103.754-86.772-140.032-144.112z"
				],
				"attrs": [
					{}
				],
				"isMulticolor": false,
				"defaultCode": 58885,
				"grid": 0
			},
			"attrs": [
				{}
			],
			"properties": {
				"id": 5,
				"order": 6,
				"prevSize": 32,
				"code": 58885,
				"name": "eye-blocked",
				"ligatures": ""
			},
			"setIdx": 2,
			"setId": 5,
			"iconIdx": 5
		},
		{
			"icon": {
				"paths": [
					"M192 1024h640l64-704h-768zM640 128v-128h-256v128h-320v192l64-64h768l64 64v-192h-320zM576 128h-128v-64h128v64z"
				],
				"attrs": [
					{}
				],
				"isMulticolor": false,
				"defaultCode": 58886,
				"grid": 0
			},
			"attrs": [
				{}
			],
			"properties": {
				"id": 6,
				"order": 7,
				"prevSize": 32,
				"code": 58886,
				"name": "trash",
				"ligatures": ""
			},
			"setIdx": 2,
			"setId": 5,